,테스트데이터의 ID,정시도착 여부 예측확률
0,5778,0.4464292159533798
1,10985,0.3715438253316158
2,1225,0.3138399461743233
3,6502,0.4244592666147541
4,7337,0.5102899122477009
5,5560,0.773731898799783
6,4132,0.5794248271682467
7,8148,0.7321332308972561
8,9004,0.5051329252844854
9,9034,0.7224523112609098
10,7673,0.5482134982441846
11,10721,0.47418547538345734
12,6714,0.6906209056621286
13,6529,0.4982496156410914
14,779,0.05866731121366342
15,101,0.0049195104857895355
16,5003,0.7011063925179781
17,7584,0.7055914181632476
18,2832,0.5384907118115609
19,7076,0.6312663607096924
20,7963,0.5671079018152466
21,1897,0.025966614255538256
22,6420,0.755946597445973
23,7503,0.44314411110329743
24,10983,0.6047621801034818
25,7140,0.5020939925716719
26,2277,0.021514853455471217
27,5442,0.6329116382295357
28,7987,0.7125188877215063
29,3786,0.7184389324588571
30,3417,0.7976163411366244
31,744,0.005074017615854909
32,361,0.4317665322395112
33,6815,0.519536917617437
34,7086,0.8045146978697648
35,5424,0.7245770000179212
36,9140,0.585091425265753
37,8754,0.7668065788363558
38,332,0.12276394437174698
39,6519,0.6219051790902452
40,7483,0.5121854015916054
41,4969,0.7375368704041799
42,1586,0.001750961032472853
43,7746,0.3546868215669373
44,343,0.0014089446048907162
45,1935,0.002582238862192554
46,7559,0.7626348257412717
47,887,0.10397785757675537
48,7976,0.6773978586675008
49,1881,0.00724137306309669
50,9564,0.7486681241467079
51,2329,0.001514561310403284
52,2474,0.2654955895331115
53,10332,0.8169774535428876
54,6127,0.6824474404500873
55,7722,0.5713027404423898
56,7774,0.5365178867928859
57,2065,0.3214489001852203
58,6060,0.5500629810176692
59,4944,0.6248357147048902
60,8738,0.6444692966648518
61,10859,0.5249442454665029
62,490,0.1920218317652893
63,9256,0.829542593458285
64,5705,0.6001336287441872
65,5291,0.5531018806319886
66,10111,0.7349652538044976
67,4072,0.6026776831083933
68,6227,0.5005262409087758
69,6839,0.7181031646548361
70,10543,0.4479856446635557
71,6801,0.5970539975911293
72,9787,0.5321419331777688
73,6660,0.639482488093125
74,4172,0.576512081461156
75,5829,0.7112335734322226
76,548,0.00835688878977181
77,4935,0.6602305544151732
78,8182,0.7478579067850513
79,4534,0.7048731150836447
80,8793,0.5534545499578907
81,5233,0.7114523077645079
82,5913,0.5508449016978594
83,10793,0.3616720521068273
84,10547,0.5670103408237215
85,9802,0.6788580594240845
86,2798,0.2298255030372891
87,4152,0.5144125595540867
88,4790,0.6976225117019932
89,6788,0.7820541234967511
90,10304,0.5661030124626794
91,5883,0.5751543242639126
92,5105,0.7033408563649957
93,1385,0.0054160875060523805
94,2676,0.5162004594978935
95,4982,0.6028541847925053
96,9624,0.6942380947643951
97,594,0.0057168386876234045
98,1966,0.015553688282976319
99,4083,0.5550978097214143
100,7359,0.7119033187148791
101,6681,0.6910497091664778
102,3203,0.5886477656398627
103,2806,0.01889438595044135
104,5834,0.6497549428008765
105,8689,0.6116084927635174
106,8644,0.6223691823856119
107,1476,0.23375293523030927
108,8625,0.6409860441390356
109,1007,0.28645359770208745
110,8676,0.6194456555596619
111,10993,0.6613287245381646
112,6729,0.6163530454556809
113,10404,0.6872968183801634
114,8175,0.6891568707923139
115,2788,0.33281853615899337
116,6591,0.49918349742294466
117,3265,0.7242955329402289
118,5561,0.5446409930910108
119,2354,0.0018861419112029543
120,7247,0.6050181555098093
121,2466,0.022949054517928835
122,5237,0.5376822904615074
123,6765,0.7093728157032415
124,1797,0.4820054276708562
125,2540,0.03504755532955639
126,5518,0.6484784535692473
127,107,0.05853841904005319
128,2020,0.5656163854894991
129,5531,0.6850352131017259
130,1910,0.03520870259798947
131,2983,0.009265424719389959
132,10769,0.6711299108458026
133,5426,0.7185918573791261
134,6195,0.6033626501862772
135,10975,0.36080685563737724
136,1266,0.33228586423419104
137,9584,0.8284832828969586
138,6762,0.514605671317096
139,3678,0.7107397269281115
140,5038,0.483246534246062
141,5242,0.808540197293699
142,3880,0.6685252070776542
143,5163,0.5465254362334655
144,2655,0.0023589678255236946
145,6209,0.7205812147665855
146,10064,0.7336461751289352
147,8055,0.5305115535411621
148,6496,0.5194881105319492
149,8984,0.6512306039864242
150,3846,0.5095668858493059
151,8034,0.7192895490925812
152,4442,0.5702598216400225
153,5869,0.6337498584131949
154,3623,0.7086924947271103
155,7812,0.5428461043046258
156,5150,0.7409373200210041
157,1009,0.3564473399516971
158,9957,0.5945783981667252
159,3536,0.6110949019258085
160,7218,0.4093076928125017
161,1534,0.08697013186352254
162,8803,0.5330874006105382
163,9585,0.5419613364805291
164,4989,0.42894386213674396
165,9851,0.7681176890008499
166,7040,0.7629267259331873
167,2598,0.3392379856375688
168,10492,0.7215459279829772
169,2073,0.05081105311042844
170,1853,0.46199205524412934
171,2056,0.0066338863352414235
172,4356,0.7833323456544864
173,3561,0.438570704919527
174,9017,0.6703131101649509
175,656,0.0012656852504785432
176,5836,0.7047952543051365
177,9910,0.6443729448155044
178,7421,0.6764672600349544
179,5683,0.6807767388279777
180,10369,0.5332020726158653
181,6200,0.7225416587188189
182,4734,0.7254103180170086
183,7307,0.3514770004549519
184,8601,0.4723613605792921
185,5770,0.4965288097411408
186,7888,0.7303412972335992
187,6951,0.764973855199026
188,2888,0.2090279351349572
189,10299,0.6220975143633858
190,7721,0.4683111407077599
191,5781,0.5404697631803592
192,3518,0.5821114156274751
193,10480,0.6708497965590885
194,8877,0.47395678333459845
195,10257,0.8156833033055075
196,1937,0.008019441885621093
197,8759,0.6020272182106419
198,9203,0.5720837835944557
199,3215,0.47882540798165363
200,3989,0.5493097580674804
201,7546,0.5905574098574864
202,10457,0.5084198956194088
203,2322,0.15733026547839013
204,10294,0.7775540621414725
205,3626,0.6022610984181258
206,4166,0.703477305830389
207,2222,0.02286500583397688
208,8838,0.516369800340533
209,435,0.06796317383600692
210,2628,0.00548540669091091
211,8508,0.6601552256706317
212,6978,0.7117324469120465
213,8855,0.6252584401981199
214,8608,0.40856033532592484
215,8800,0.596921466275413
216,3432,0.6985640269845734
217,9743,0.5647234222238429
218,2408,0.0014872284788429724
219,9395,0.5392039744327717
220,9542,0.7239012053711558
221,9881,0.3974748777499989
222,8528,0.6766974126597494
223,2558,0.10079565335290752
224,6890,0.6624350055744135
225,10092,0.7653796282774215
226,1325,0.037249261022012536
227,9861,0.8078665655374317
228,10576,0.6262060767941724
229,8375,0.5561948912723431
230,1764,0.004470951472180018
231,770,0.007542057399615221
232,7529,0.8071399633825179
233,4358,0.6331815343822826
234,6636,0.8223528439082467
235,1691,0.5527867469197227
236,6809,0.7333485524996276
237,4069,0.7114165117476436
238,6425,0.47892836203478406
239,10415,0.6297580411163402
240,9687,0.5445798290497297
241,9774,0.6747359541899463
242,10375,0.7379236342793523
243,6224,0.6113050220001319
244,7705,0.47119399583786303
245,818,0.28389211210796383
246,7553,0.43355117534362353
247,1607,0.026224278094923226
248,3479,0.6439097481023626
249,688,0.21410493201972003
250,5722,0.5193307683242651
251,2323,0.38234428265039977
252,5130,0.5356479532925034
253,2512,0.012754274968482138
254,10408,0.4643359836199209
255,9208,0.6808342425243462
256,3679,0.7680989778819884
257,2498,0.0018326129378927192
258,10193,0.6112693124498236
259,7330,0.6789798011848273
260,3830,0.5486279871788049
261,2440,0.0007546049902602547
262,315,0.04274119622784378
263,500,0.032412887376091604
264,6702,0.6411335877184392
265,1426,0.0065429132469395634
266,8836,0.42761507176576286
267,9633,0.2803254781162635
268,7391,0.6061476566214206
269,3704,0.6577268873909394
270,8686,0.6296393117604302
271,1023,0.022059988001633335
272,4390,0.6742426592110958
273,443,0.02853410510491894
274,9806,0.6258253333804332
275,3620,0.43154671608732753
276,1613,0.016759948186617524
277,9858,0.7601603940880527
278,1657,0.01860304685582903
279,7739,0.39543588290906806
280,3069,0.31508864558280547
281,10727,0.36175206544844596
282,8282,0.6458398189089863
283,2361,0.10963672397701862
284,9482,0.6007720214599654
285,702,0.05053759471717434
286,15,0.010834951484620436
287,4525,0.5894658926726318
288,3034,0.3295839694420505
289,486,0.08876364947484416
290,4118,0.5454242986659
291,4035,0.5130260322087508
292,7556,0.7392839412425123
293,9456,0.4790453807049042
294,3713,0.5320752769853436
295,6927,0.48299881101373265
296,2295,0.003603567737424762
297,8118,0.507077136651359
298,4460,0.6506393632147668
299,6477,0.7252569746667704
300,5106,0.769570202480505
301,2917,0.002704422554884678
302,5570,0.8245014286502148
303,1973,0.2055683102641238
304,2679,0.019141691055122756
305,2471,0.2727126873392762
306,6689,0.6371746536099863
307,2883,0.40493427977698593
308,4282,0.6075738185154005
309,484,0.06250672161700888
310,8637,0.651708226868303
311,10805,0.5590763235661602
312,10988,0.600556420725017
313,9204,0.7241289889036908
314,8716,0.6813678289556955
315,360,0.00983318073154582
316,5202,0.6151106418344525
317,5209,0.6619871815314109
318,4273,0.6264210039548039
319,4073,0.711162616974716
320,4224,0.7271051393424508
321,9604,0.6896150022088096
322,4876,0.6423248975888496
323,3633,0.5853794398687627
324,8057,0.6058595655114203
325,8964,0.6430256846849178
326,8330,0.5267015799428127
327,2395,0.20743337381975657
328,1468,0.007841330722369477
329,10177,0.6157665421469862
330,6436,0.5974776710451666
331,4243,0.5889584449997128
332,7920,0.5368698408015635
333,3419,0.6384682463321238
334,8546,0.5743805856656934
335,7408,0.5833370848815416
336,482,0.11219120325710863
337,9177,0.3557079880074041
338,3370,0.7266232329382214
339,1048,0.0016810432424186894
340,1410,0.0016251235122741736
341,6562,0.5291626882032265
342,6064,0.45456296755489356
343,4334,0.739376064321088
344,1754,0.4638928084085596
345,1281,0.30562229461390444
346,1617,0.007012713200015064
347,10961,0.6404252407997104
348,9145,0.4861974566101608
349,5389,0.6699559863202815
350,1952,0.11042470346566746
351,5871,0.6816835833546966
352,8346,0.41150311494761627
353,1880,0.003931003379018527
354,8274,0.6837709287854616
355,5810,0.8203298942933405
356,5955,0.5194752046075104
357,4099,0.7659800679578288
358,7310,0.5714755959751935
359,8523,0.7112828543783423
360,9896,0.7726738105473397
361,5697,0.7439974027198768
362,10752,0.5773961228693401
363,8241,0.5549582513282851
364,102,0.05504652242714125
365,7032,0.7077849396112106
366,9115,0.5555939038851221
367,8899,0.4292686100444292
368,5489,0.7685303094230763
369,7363,0.5442007935144251
370,2778,0.3423338863858255
371,10388,0.6067042159865117
372,4949,0.7032046881234078
373,6546,0.5089319006076302
374,2296,0.06159519629408694
375,3168,0.38503377510976566
376,2173,0.14295645205136542
377,3868,0.4528973887931377
378,8032,0.6254716510839846
379,5119,0.6684823226992492
380,2266,0.5381819814214853
381,1518,0.05574749864135642
382,704,0.3878756325155439
383,6676,0.7071413975537884
384,2672,0.0605334066099682
385,1157,0.0017326266566544124
386,10061,0.7375175417281297
387,2458,0.014705000476849972
388,859,0.09725703632057325
389,1002,0.42633165056242806
390,9043,0.7103302329362718
391,4583,0.4353699928617719
392,2868,0.20390809953048894
393,337,0.639927267984031
394,6903,0.43438524478237617
395,3048,0.01643057381760038
396,7248,0.6029935714883106
397,10053,0.5480594504503511
398,3039,0.07689808308067625
399,734,0.7517160895460152
400,810,0.6600758928733366
401,9358,0.49631045398888696
402,10489,0.5226631766124179
403,9027,0.619133964150349
404,275,0.06639636921581438
405,2892,0.16852070737372293
406,8567,0.5333957791888416
407,352,0.234633889221752
408,8391,0.7810376416877071
409,2344,0.008858707489862172
410,3097,0.0028822576178744175
411,8099,0.7457281151836835
412,2792,0.29570113910438867
413,9985,0.522878909941181
414,1490,0.036746922759407386
415,4471,0.5833535484163523
416,9230,0.7149168483795888
417,6451,0.7650380903288437
418,1094,0.5949822906613103
419,7305,0.8408911024830377
420,5384,0.7083926873467139
421,9141,0.5091549134292581
422,5191,0.5987565724928128
423,8339,0.6293800932288217
424,3148,0.7284646868513375
425,7502,0.5381056160087536
426,2665,0.3062750897701184
427,2897,0.0006153452871973109
428,1235,0.1144593752145654
429,3664,0.6630911302186668
430,3505,0.691903508020848
431,120,0.0425689653170761
432,1593,0.0008722215187290105
433,7319,0.6216430707818861
434,10569,0.6418192421188635
435,6212,0.7107109797695339
436,5024,0.5949524618321167
437,1615,0.004588778639912139
438,9544,0.497224950207259
439,10470,0.5700119398640902
440,4707,0.47790400270572264
441,428,0.12093482369133235
442,7007,0.5691854456695038
443,2199,0.03770324590730478
444,7660,0.749735820571176
445,6254,0.7222112806623333
446,5308,0.5884802222301925
447,7464,0.5626996584545814
448,1808,0.048975562057276045
449,5365,0.666295655450839
450,6738,0.565559509057466
451,4206,0.735039993812874
452,9746,0.7377536510980374
453,10095,0.5847783411028691
454,6153,0.8156161038109161
455,3336,0.4662373162793856
456,7599,0.8416844612982185
457,7632,0.7226904426509193
458,7648,0.7456640047849841
459,3355,0.6574183351344149
460,1035,0.16950790596424348
461,8309,0.369832678423456
462,1081,0.005243530731240842
463,2814,0.08131125759874136
464,4171,0.6478128430917898
465,1631,0.011969247653243031
466,8711,0.5920550224011933
467,5850,0.5508682932330466
468,10902,0.6488327078419401
469,8192,0.5720807720903807
470,8058,0.7244862346486124
471,9048,0.643831909918483
472,5039,0.46772026536457034
473,515,0.0034048662055743417
474,7724,0.6417801483961834
475,3976,0.684051818653088
476,3882,0.710789224805692
477,105,0.0014356410788773921
478,10695,0.493160038762929
479,4537,0.5509014199027864
480,1168,0.01995870837519953
481,10657,0.4674376419754148
482,6001,0.5921476722989915
483,739,0.14040828952130224
484,9938,0.7151285172571831
485,523,0.004729017292373516
486,1989,0.36248108557246106
487,10950,0.42272550498190586
488,188,0.040384023002799085
489,6018,0.5020047254609254
490,5567,0.6742668729583305
491,1992,0.5390029400953726
492,2597,0.002884872444976705
493,8298,0.5247037783010708
494,4291,0.7679722239047864
495,8437,0.7870924743241587
496,2220,0.06707653750703657
497,297,0.030289360376329677
498,3508,0.6498982416344226
499,5283,0.4846992483779504
500,8136,0.7682817448213061
501,9996,0.4806064355309322
502,8176,0.747947074244657
503,5490,0.5672094509863679
504,2675,0.03260622504275268
505,551,0.004650047097356835
506,6833,0.5664450708523703
507,10202,0.39781760664830745
508,9428,0.44983370487877217
509,3645,0.7957374705672121
510,6585,0.5706303493786853
511,5552,0.5341486971806659
512,2846,0.09433272979864249
513,9894,0.7947596791817947
514,420,0.002167654862482715
515,8604,0.7403897209175767
516,10027,0.7872185597833753
517,8216,0.5156326625042837
518,7336,0.6284352741959489
519,10867,0.6046370021659725
520,5839,0.4178850070429381
521,10022,0.7238136178623868
522,5325,0.8191126660700987
523,3902,0.7845564050545073
524,7116,0.7650525529860711
525,10554,0.6557531297765049
526,6726,0.5817600515890293
527,6098,0.5994629738548118
528,5367,0.7114485534503792
529,2578,0.0006905556599131613
530,3670,0.7579839838212536
531,8853,0.5583452018674525
532,10585,0.5829942767953978
533,9292,0.4586578784116573
534,1761,0.0884583695735226
535,6618,0.558299721457175
536,8486,0.7902770857138881
537,9001,0.726315662151221
538,8558,0.5820877643640796
539,5002,0.758100647664828
540,5629,0.4879213317671771
541,9410,0.4617072631767215
542,661,0.48429664044480136
543,5089,0.6128620331952312
544,9091,0.581302648945222
545,9691,0.6468013833895949
546,10638,0.694610455750472
547,9473,0.5159775074149722
548,1181,0.012188936037265341
549,2797,0.009439560689906479
550,6805,0.5354496351714904
551,10594,0.5588527209926215
552,2905,0.008529727903488826
553,9545,0.53475688021272
554,4122,0.590415144765694
555,5904,0.7072543427279587
556,434,0.016629614738325804
557,2631,0.48658889167571584
558,6988,0.5230962305431461
559,9095,0.5824156273809765
560,7618,0.7405683259617772
561,3135,0.60963399397689
562,9045,0.6395089501237168
563,9059,0.5440853224655
564,5034,0.4786098707113907
565,7314,0.680120625902519
566,1824,0.26098584053951057
567,8244,0.48266487823687887
568,2650,0.019091527551544973
569,2621,0.003524527867760363
570,69,0.01819333179978766
571,1496,0.01863651015829859
572,699,0.026957237098667153
573,1232,0.46706469917518467
574,10290,0.6730353127638422
575,3522,0.7866938675958373
576,1095,0.1288759769217177
577,7281,0.5830091576430704
578,3089,0.0942269664962555
579,468,0.304224936936094
580,3758,0.7096631282457282
581,10654,0.8328390247418811
582,6594,0.7032830018125609
583,2826,0.22208406119758062
584,10677,0.6454238924392459
585,1237,0.38915329624830064
586,7819,0.6627702681233351
587,5345,0.7287265357875682
588,385,0.0017421362798483164
589,5690,0.48398520619541274
590,9098,0.6114370220481682
591,8393,0.5216603134119004
592,10499,0.5325950476223829
593,141,0.0038816266841412705
594,1709,0.02627553620747569
595,4972,0.6642664493819156
596,3787,0.4965896172547013
597,8471,0.669148916773325
598,2724,0.5880801942950191
599,2506,0.04422100228835746
600,2587,0.0757921947464848
601,3431,0.5683833999999759
602,10724,0.6131663245893477
603,10131,0.7852660859307237
604,2682,0.003771797693879253
605,7299,0.754785984375163
606,7666,0.5864992408623714
607,10773,0.6196758357246364
608,2348,0.015334263018229377
609,7541,0.6004788066587059
610,4887,0.7851068118165996
611,7049,0.7799014699593934
612,1241,0.1447256344625285
613,6274,0.6845561666989017
614,5672,0.7096886450794657
615,190,0.11659602413572301
616,10704,0.6726856102019134
617,1104,0.0061555866846774165
618,351,0.09987989000881692
619,9666,0.6493465282782109
620,3086,0.0015166744647425734
621,9170,0.5201828701475213
622,4004,0.7432984812113751
623,8719,0.6475484929708744
624,6641,0.699600912971962
625,5179,0.572214550075123
626,8502,0.5649045782328511
627,3167,0.3829976735848555
628,9211,0.6433313141140009
629,10280,0.5981391425656846
630,3845,0.5988461022757829
631,3342,0.6464457080528417
632,9427,0.4552583778902163
633,2140,0.0005923167702036602
634,5281,0.4880082159915582
635,10684,0.673381621823036
636,10435,0.5716846718194637
637,7974,0.7124410112444888
638,705,0.0006837745763624836
639,10909,0.6458624086846406
640,7839,0.6604711914951493
641,4402,0.8006922903851057
642,1712,0.544719281598435
643,10618,0.7029124702859977
644,6114,0.5397833059813405
645,6896,0.49024926628241605
646,10001,0.6466363643616906
647,3779,0.6259035837570381
648,9638,0.6035894134852682
649,3369,0.3711550064139163
650,3509,0.5563151242469218
651,9999,0.7378713942771467
652,4492,0.7196513322333167
653,8056,0.8399389343242548
654,5847,0.6046932219413806
655,5685,0.772189718691601
656,5588,0.638675668227882
657,6937,0.6792199770533542
658,9362,0.48497353387815634
659,6389,0.7526843786860227
660,5909,0.7039268783450905
661,5576,0.589613119053311
662,5707,0.47240026335498675
663,1327,0.06772334053574791
664,1866,0.25735048568796526
665,836,0.004761765646741911
666,8706,0.7374139685434685
667,3969,0.6462848658271212
668,4392,0.6471487565582227
669,4769,0.5666093391963579
670,6645,0.7944447579570453
671,5856,0.5515408597011311
672,7806,0.6826983782090805
673,1275,0.14034469995968069
674,6232,0.6676858012805726
675,4326,0.3906748462706464
676,8278,0.7461920531763424
677,6311,0.4406629250738061
678,1785,0.011924940651592664
679,3309,0.7462640301725493
680,228,0.22432474399657565
681,3775,0.6285459573484385
682,949,0.004633075259486419
683,2069,0.04579301713422579
684,7030,0.8029456274600721
685,10967,0.5378541956253716
686,8996,0.6335852275348218
687,8573,0.5986062466210954
688,2224,0.3305245697535557
689,8012,0.6286034836634878
690,518,0.08991721863642121
691,1926,0.05547818381858838
692,7460,0.6758495553986437
693,10090,0.6920871205957868
694,2622,0.008702616382840977
695,3844,0.5520130776214214
696,6023,0.5962931887001197
697,10374,0.5737032406688394
698,1129,0.008783310932929056
699,2627,0.0014571701905963241
700,8156,0.6484811896169429
701,4265,0.5091028760230099
702,6510,0.4745205634164862
703,8895,0.6410786012892438
704,1218,0.4113261472942469
705,9959,0.395382975233714
706,5035,0.4765087066179662
707,8173,0.7230316364996464
708,9817,0.7006091410720744
709,9149,0.6076822381371801
710,2351,0.05556239698394316
711,6357,0.595417001418683
712,7070,0.7101575452378489
713,7801,0.5747655762974628
714,5071,0.6771681296964557
715,73,0.18281909432824162
716,10601,0.602378855163525
717,4878,0.49897532014247836
718,7245,0.7354286276860847
719,5527,0.5331757656240728
720,588,0.5955494848241898
721,9303,0.6871490134419084
722,226,0.001185940762346016
723,10365,0.66082440702477
724,10234,0.6322886589033002
725,5499,0.4527052019997885
726,6755,0.5996353079964187
727,10693,0.7156903760570889
728,4613,0.4826939235503138
729,5453,0.6810804327865685
730,5128,0.6413078634091051
731,7351,0.6258974776672914
732,7023,0.6592000166891802
733,1732,0.0053551624832155476
734,5718,0.6699159334479773
735,5946,0.6664646204042854
736,3131,0.003723421583377462
737,8591,0.6343437784346142
738,3655,0.6187475211183945
739,5129,0.6563985862442259
740,7394,0.7437524369580101
741,4237,0.6703774649790604
742,4023,0.6241924917991568
743,2137,0.705792566812542
744,3171,0.45365814128134496
745,1621,0.0019992152234228344
746,9634,0.6513510977048359
747,3064,0.44927793961186935
748,7851,0.7026462999484087
749,5858,0.5534413981203079
750,1882,0.05316352945310954
751,1161,0.08854705367050208
752,2299,0.18301128359309882
753,3906,0.7768725394424244
754,6488,0.7972541124830421
755,10518,0.5974764262691072
756,3564,0.5826875670306697
757,9606,0.5324748835767272
758,10045,0.6371976161258415
759,6111,0.7822210431186223
760,7256,0.5734509143905048
761,10628,0.6359783672762428
762,9809,0.4799622764402509
763,680,0.003768114436448422
764,6966,0.6534274612091538
765,9558,0.6684745589773287
766,808,0.08945253172899825
767,7517,0.6903772115694875
768,1688,0.003179751043904222
769,7505,0.6909740616109223
770,3072,0.6324191772928748
771,5462,0.6938818244407365
772,9119,0.7123734575891829
773,10083,0.7359033972929537
774,9829,0.7305778995775862
775,1418,0.37535243353781644
776,4439,0.4526300476116739
777,8121,0.6928579936908975
778,5859,0.6359382498743873
779,3223,0.7381026250733609
780,4473,0.4304236561099357
781,9383,0.7478814490098833
782,2878,0.001049947008024299
783,2541,0.5402474440607958
784,7769,0.5513071763099484
785,8059,0.7863718579525039
786,8031,0.3814052266966821
787,10871,0.5110532450024201
788,6745,0.5168189692808444
789,5351,0.8236877431620088
790,8371,0.7556497622350005
791,7797,0.7557305794260887
792,6388,0.7096682655430187
793,1414,0.004683066685091775
794,3849,0.5682594351029491
795,458,0.004418677654864478
796,7692,0.6991454472502453
797,1037,0.00376712450972827
798,6046,0.45259091550438313
799,5831,0.7067370914764837
800,812,0.17659095953091952
801,3233,0.5117218120857426
802,8590,0.6899160153967894
803,3706,0.6709983317427307
804,6077,0.6421304237811823
805,2777,0.4946770731828226
806,5203,0.5421438086686079
807,9044,0.7405028769186839
808,220,0.05788329803858183
809,6918,0.5717218906488053
810,557,0.05799055851093182
811,1092,0.17829364705583217
812,2025,0.011069780983342659
813,7762,0.692153731510498
814,10287,0.7343314402316734
815,8615,0.41773336826542407
816,2388,0.12096916480626019
817,6468,0.5811561782560666
818,2533,0.009295246456923256
819,9702,0.620092798063442
820,7939,0.6196111363031704
821,6735,0.8611021758790629
822,264,0.40519197204935364
823,2006,0.10917965050330036
824,2565,0.26805491769888823
825,9461,0.5528030004656752
826,8911,0.5184126039621533
827,7919,0.7356295563616007
828,7333,0.5097013789881385
829,10479,0.609548172741001
830,7657,0.6717981035474587
831,8581,0.523988535390905
832,232,0.002503121220224669
833,5050,0.48384295877043726
834,3838,0.7195350579063869
835,7097,0.7698862695178935
836,7056,0.6677902261321957
837,10604,0.7779894357389106
838,6748,0.7758025061462013
839,3659,0.8001254033170936
840,111,0.0015695390709258294
841,3270,0.6962196015273725
842,9789,0.57197361495462
843,6981,0.577607858203905
844,6764,0.6783400674517379
845,8892,0.5291147535469001
846,7434,0.597427764199894
847,8137,0.6264380305023483
848,5406,0.6479853576014297
849,3546,0.6710591899244214
850,8658,0.6730898679970561
851,1859,0.2002715594900344
852,5873,0.5197147069962271
853,9548,0.6697542527085069
854,2801,0.49402412645211136
855,1547,0.002714418019201026
856,9752,0.6793190661193911
857,2669,0.002159556782250993
858,7179,0.40602757230201203
859,8944,0.8006430032999039
860,1313,0.19336122707304904
861,1945,0.04631086770740622
862,9607,0.5505761773188571
863,7423,0.5163802808524095
864,10308,0.5741029820381074
865,6043,0.6183336789172104
866,753,0.33425853160696695
867,9415,0.475133749261186
868,6509,0.6372715811298293
869,8617,0.5953936386384506
870,2113,0.16034718387438496
871,9064,0.7368886195404047
872,7265,0.5962657276747123
873,9137,0.5589933458278009
874,2042,0.13782135875641033
875,9951,0.45599431263475076
876,5917,0.7604149829599773
877,1913,0.001550531850911363
878,4830,0.6350075868574951
879,2521,0.03135418705407156
880,4801,0.6386987691214141
881,4884,0.5167853544359013
882,6037,0.6179988093621562
883,9657,0.504769637497373
884,7320,0.657158359617176
885,9785,0.5899939946717577
886,5774,0.575012892771128
887,9812,0.7562770640554944
888,1474,0.1966767209545046
889,7856,0.776262622569736
890,1401,0.02838902659749809
891,10946,0.46441714376988485
892,9288,0.5307596872682776
893,1731,0.0017794538902933255
894,388,0.0016370788667007252
895,3618,0.680997629812446
896,4157,0.5401221378178984
897,4258,0.558618199834642
898,4839,0.7152131261232169
899,184,0.003372747472025539
900,8978,0.6281455541739827
901,6789,0.8177366416084026
902,1114,0.0014774702030959652
903,6327,0.5762730331822825
904,4343,0.4919492888463439
905,2172,0.08446877745205106
906,10084,0.811258696013474
907,1939,0.009695415232181315
908,10942,0.6656915389396802
909,1441,0.11832336715814162
910,7733,0.6385802981519973
911,1158,0.0032122285548346063
912,759,0.03963828177700046
913,10437,0.7871206847879552
914,8687,0.788869122482254
915,4666,0.7124866606145616
916,4864,0.7385588590399447
917,5312,0.7349084213379465
918,9127,0.6892194870948278
919,2651,0.06247040786668878
920,8842,0.7546597904895138
921,4966,0.7361739029808929
922,8806,0.6590500132693755
923,9401,0.4988118149634324
924,1700,0.0016794357321471276
925,10003,0.5852338077061867
926,4248,0.5823630812513195
927,8685,0.557395224532202
928,982,0.15186384981613033
929,7225,0.6726120951527378
930,3946,0.7944772118878118
931,858,0.45421217565415406
932,1139,0.06575420488022155
933,8504,0.6819233032324421
934,10040,0.695507713231112
935,8406,0.6137031116277047
936,1228,0.26772652459122515
937,6787,0.7226836664634121
938,4256,0.5613544069986047
939,9960,0.3317183903139789
940,8407,0.4813502498210608
941,8245,0.6591963177476432
942,3929,0.7297556016214025
943,6445,0.6223043300153395
944,1901,0.023535494908826227
945,1947,0.07407629775618751
946,1357,0.025703215928323364
947,8827,0.4193801283198093
948,6168,0.6466044549117489
949,6771,0.7643521260976713
950,4713,0.6118293848255143
951,7956,0.5106264156223006
952,8647,0.6302090623093672
953,10635,0.49974898686161207
954,1484,0.0007177814664240945
955,8189,0.6798613822549248
956,6823,0.45227520039306846
957,2904,0.012259803614976028
958,6282,0.4392653923403196
959,1117,0.3218136278957763
960,1408,0.005467650944238622
961,5253,0.40792796494713124
962,6623,0.48369060193274704
963,9111,0.568353904223743
964,6410,0.6150820769421529
965,1261,0.6520018759841427
966,3119,0.005161070730829498
967,236,0.004472817224504211
968,4315,0.6321609658637453
969,194,0.010748385045921571
970,646,0.0027543525681189562
971,77,0.0070654285440509
972,8857,0.6194473968097016
973,10454,0.569089166513319
974,1788,0.04447170391886379
975,9276,0.6700807946228973
976,5037,0.664931559807487
977,6210,0.6791912839231826
978,6103,0.6580897796729732
979,5696,0.6807246871616741
980,8646,0.3784622935380929
981,3224,0.5316356935918338
982,3777,0.6159441873252847
983,8778,0.6938142338052489
984,9025,0.6055082064576396
985,4730,0.768352041567506
986,1575,0.21750665544711
987,1653,0.0012491706936296199
988,6057,0.5700313941337865
989,4153,0.4420625033266905
990,6472,0.6374242885169006
991,5313,0.7584559896732985
992,8152,0.7012369968733481
993,1718,0.092553536949877
994,4066,0.5055882291192701
995,6668,0.667738884987291
996,3095,0.12943355789351285
997,4772,0.6764877144572738
998,1639,0.6198426224260016
999,1329,0.006169577627505807
1000,10503,0.5934618330233119
1001,7071,0.5545517975210206
1002,7790,0.5596721338326229
1003,919,0.09110480877663718
1004,9773,0.6651609867452484
1005,10114,0.4305027517075115
1006,70,0.3620091666759899
1007,2974,0.10623993125186004
1008,5614,0.6516485732831266
1009,5264,0.6461395924441407
1010,8606,0.6569233132513252
1011,5546,0.6902620433522091
1012,110,0.5035318278947323
1013,4019,0.5599484838752111
1014,8859,0.49094549816234123
1015,1495,0.0658177103520371
1016,7628,0.7471096401062441
1017,2964,0.026868041060546966
1018,6101,0.5962503549997771
1019,9784,0.6084248105107566
1020,9305,0.8219670026702548
1021,225,0.03117056216255787
1022,9018,0.6277712773885435
1023,5487,0.7044976715687512
1024,5597,0.5834073189953832
1025,7400,0.44581234875490916
1026,5659,0.7152050042795284
1027,7156,0.623470580165642
1028,7957,0.5473619103010401
1029,41,0.0011083143890713298
1030,2327,0.006475346902079959
1031,2782,0.0011839716356331076
1032,7412,0.4876650905514972
1033,7356,0.6261552830216546
1034,4693,0.7230471911196714
1035,2870,0.0021163069119201072
1036,8441,0.6246734386893844
1037,3391,0.6766025604243235
1038,329,0.017841700506255553
1039,6752,0.6479541313921059
1040,5582,0.5437001161042452
1041,8442,0.5501284408311804
1042,9520,0.5817020631869247
1043,2545,0.3064956392504864
1044,10992,0.6268936223149568
1045,6069,0.45250086589906513
1046,7997,0.625526168281948
1047,9890,0.7501912661125497
1048,685,0.26949657181878817
1049,2234,0.4676430689700608
1050,6561,0.4054349933176289
1051,9616,0.8257858752563971
1052,4100,0.6898493837380898
1053,5296,0.5827526173867517
1054,5438,0.6199786911700194
1055,10659,0.48086766280754745
1056,2602,0.040292216030335504
1057,5783,0.5282881897875962
1058,4025,0.6827169307325592
1059,7833,0.5445587206174158
1060,9795,0.5564467361946241
1061,3117,0.044939870022734696
1062,8988,0.790943218977636
1063,10362,0.6134993510666537
1064,7384,0.7191616541408279
1065,6888,0.7137595530034885
1066,5448,0.6632185206367538
1067,4862,0.6111406987449899
1068,2456,0.005698662951217903
1069,425,0.0018069672426044292
1070,8668,0.739424091204214
1071,2010,0.0036446857057845783
1072,8550,0.5472723258078362
1073,4933,0.6031182529617878
1074,942,0.0056494929563801755
1075,8717,0.8040466539498183
1076,7768,0.3717191614850355
1077,10514,0.5675446618140956
1078,914,0.01987377081345898
1079,7239,0.6572527199821552
1080,6439,0.6619660683027131
1081,7477,0.5809647431392935
1082,10142,0.6295373261703265
1083,4547,0.6101581278064641
1084,1946,0.5721689539821215
1085,697,0.12527307573628077
1086,2444,0.0007188044619924616
1087,4090,0.49062729586605736
1088,7427,0.7527206219558283
1089,10118,0.7301345676894091
1090,6324,0.7403915510247454
1091,9485,0.6492117213063681
1092,5878,0.7973785052168179
1093,6424,0.6926967519297653
1094,5354,0.6705831830408656
1095,3178,0.6970424863470355
1096,7696,0.8282832445796627
1097,5507,0.6522756106282762
1098,3663,0.5591678824581503
1099,1868,0.0038965449371636263
1100,5880,0.4297491800268326
1101,3683,0.5353082457252396
1102,9365,0.7650861496769624
1103,8506,0.5107770519133664
1104,7752,0.5528843042144773
1105,8206,0.7096702309251754
1106,7914,0.6156853659457222
1107,804,0.006929516079908216
1108,555,0.6597929446067139
1109,2024,0.47554472576414575
1110,6091,0.5806025469822939
1111,9144,0.5357353930740001
1112,1277,0.5810703096859642
1113,1220,0.00511849375087281
1114,3393,0.6376421573511306
1115,3992,0.6193229968666074
1116,2635,0.07437206158422782
1117,7250,0.6048782232146817
1118,4771,0.7635693641752428
1119,2314,0.013605988469515662
1120,6950,0.6630938173564747
1121,10085,0.7282821287967722
1122,3669,0.516411132648827
1123,9897,0.5981202776885342
1124,5733,0.6562002464165775
1125,3231,0.6419683614084326
1126,7064,0.704949862737873
1127,4900,0.7624051288287133
1128,3763,0.5887434751920613
1129,2568,0.33121318781099496
1130,10632,0.7116038831301768
1131,6884,0.45830284668170806
1132,10617,0.6979634171675813
1133,10828,0.5673036708500431
1134,3859,0.7061405190751329
1135,6893,0.46858988082652364
1136,3299,0.5046170539118087
1137,5124,0.7392996724202678
1138,1432,0.018470806680251473
1139,7200,0.422320630041644
1140,10089,0.5642816501006087
1141,6920,0.46461840565902013
1142,3208,0.6099969592218863
1143,7407,0.4239748304916021
1144,8665,0.751139962114397
1145,6855,0.7542966353250588
1146,2258,0.23316607781867427
1147,4484,0.7221896995413084
1148,10712,0.42689757752956137
1149,282,0.038636111798585504
1150,5895,0.6165167678354747
1151,7037,0.42128761978703344
1152,1748,0.30427561351797094
1153,10801,0.48656622448915343
1154,5062,0.708062235236508
1155,8541,0.6137683834970127
1156,6589,0.4639432600438964
1157,10133,0.6063534963868712
1158,8648,0.3944566526088833
1159,3155,0.6968520292114939
1160,589,0.0013410142803507163
1161,9718,0.5534781606435724
1162,8308,0.6184732901578055
1163,619,0.32125746384756726
1164,4109,0.6979118768004453
1165,2362,0.001530685603610693
1166,2001,0.23847718333206924
1167,7970,0.5975013554384605
1168,915,0.6974577374505019
1169,1525,0.01021558031999703
1170,8398,0.778141428320579
1171,1835,0.07832262026813941
1172,7446,0.5484842108654606
1173,2473,0.19988393352719058
1174,2573,0.022343351411627577
1175,845,0.12407192149340951
1176,9499,0.38128115288176856
1177,3504,0.6615789813868187
1178,4762,0.3413072661973625
1179,9237,0.719293184698909
1180,4758,0.523735002161329
1181,4902,0.6083899233943824
1182,8286,0.6066350695904102
1183,5991,0.6796744321922673
1184,8076,0.5743867326543215
1185,1502,0.25593937451683113
1186,10751,0.6272335661936681
1187,5700,0.6906813905289535
1188,5975,0.6903563812408752
1189,645,0.0008860476966662256
1190,4588,0.4941295840895029
1191,9118,0.4941820794921544
1192,6725,0.6493967214525436
1193,5318,0.724866668272893
1194,2321,0.02377668337186689
1195,7507,0.45273216321495724
1196,9364,0.5353756503462606
1197,3841,0.7194986670753345
1198,4333,0.7747643668702477
1199,4698,0.781209622285963
1200,10836,0.6828520342355213
1201,9696,0.6886896628775343
1202,5569,0.6436883411798263
1203,10148,0.4025490943128227
1204,9440,0.5784947853071826
1205,1034,0.0021855471704625984
1206,248,0.013951206623995294
1207,7778,0.6821261313763736
1208,6022,0.5884831071229208
1209,9360,0.5052997858009256
1210,1062,0.001736462901440694
1211,9411,0.4379404813230451
1212,1711,0.007139129320270832
1213,10233,0.6450909647283578
1214,7913,0.48915313806463634
1215,261,0.07353880960221137
1216,9983,0.479704218903113
1217,4746,0.690482831179174
1218,562,0.1329904140180851
1219,5812,0.6624858409598433
1220,10640,0.7179728828247129
1221,7791,0.6632709827058199
1222,3099,0.031022699669534526
1223,5098,0.6137683537947012
1224,9454,0.5967183236662934
1225,8699,0.5815163982614618
1226,4038,0.5110621178699383
1227,3378,0.5571812492663306
1228,2516,0.004971913094124036
1229,3341,0.6073733498171006
1230,6862,0.62232818202608
1231,2490,0.048072963986593664
1232,4015,0.5974519732143673
1233,9024,0.7584673707393632
1234,9354,0.6035633658838058
1235,10930,0.6118679295311229
1236,6465,0.8303690273088862
1237,6347,0.647070562092637
1238,8299,0.7395106553015651
1239,95,0.0018023760995814486
1240,1819,0.003556191698153577
1241,1740,0.35356829913331145
1242,6289,0.541101183016091
1243,9142,0.40636807866748015
1244,479,0.0017197189156084036
1245,10989,0.4291146218042756
1246,811,0.06069098452441812
1247,530,0.08366616428874418
1248,4696,0.5844599374072945
1249,167,0.008609755086336102
1250,3050,0.04489807643719723
1251,6730,0.4545568853042956
1252,7211,0.5968959596147524
1253,6141,0.5616665871126182
1254,2687,0.08810270720596569
1255,7163,0.3541120445696505
1256,6527,0.5401296376245572
1257,227,0.005002657270112398
1258,3875,0.5322902857891494
1259,6326,0.6023111768951213
1260,4435,0.5900708593219617
1261,4795,0.6064350894302339
1262,386,0.022596153274175856
1263,6654,0.6986724875560439
1264,6219,0.5790517668934938
1265,4379,0.5891950004274131
1266,6222,0.5115132501002297
1267,283,0.11155922723120848
1268,7424,0.6489433831424221
1269,8745,0.6465279546507301
1270,3345,0.7715211365309579
1271,3920,0.5188347048876218
1272,7811,0.6548890070665461
1273,3756,0.6038368017732053
1274,8370,0.6245671726520294
1275,3287,0.4606899171738156
1276,7081,0.722319248916623
1277,1698,0.06294649591729395
1278,62,0.0014017420547763892
1279,1540,0.05159012338870406
1280,10291,0.7339292102607982
1281,5353,0.7122440573695594
1282,3232,0.6400472837484545
1283,586,0.001023645301022169
1284,773,0.0667185140764256
1285,9717,0.6102748862132246
1286,3414,0.6883447673822622
1287,3059,0.5720955846295506
1288,4003,0.6131918926842439
1289,7616,0.7017170055077605
1290,10176,0.5345046164582861
1291,10261,0.778258989340618
1292,4098,0.7126299838568024
1293,8963,0.5819325552399808
1294,4305,0.8516453030697216
1295,8885,0.5459095770840823
1296,7072,0.6227112281607302
1297,4110,0.7127140776828251
1298,600,0.041713709102083385
1299,5893,0.7327893722795713
1300,10236,0.48299079699830993
1301,8255,0.4960497711838726
1302,8073,0.5474225945532474
1303,3193,0.498546570424772
1304,4328,0.6417432062981847
1305,3820,0.5513226287032035
1306,6754,0.5094527735557944
1307,10551,0.5739599224534757
1308,9366,0.717942723098157
1309,4541,0.6338888127944193
1310,5726,0.4446294117998223
1311,2748,0.5106894324099731
1312,7472,0.6223090808876243
1313,10391,0.7052513507445213
1314,10359,0.7303280755562284
1315,10636,0.7644302734367463
1316,5616,0.7226587774389719
1317,8050,0.4761165229748855
1318,8463,0.557877996164873
1319,3120,0.030308802758000297
1320,9299,0.5910874773982312
1321,3691,0.7274190833803341
1322,10573,0.48546869515800783
1323,1317,0.3395315722687313
1324,5510,0.5118970945816208
1325,2954,0.005982223588542057
1326,1885,0.03485140691698052
1327,756,0.4420340004325999
1328,9317,0.6011945890144336
1329,8232,0.5711880535662108
1330,6081,0.5413527576307412
1331,945,0.01811527052006312
1332,1288,0.0024214176239674146
1333,800,0.02190362667353507
1334,4170,0.7413030786777193
1335,3594,0.7420494164528517
1336,7779,0.5482717218489472
1337,8961,0.6994487744301774
1338,10920,0.404765355115527
1339,8127,0.4781478400642656
1340,10213,0.5815959196027183
1341,1274,0.0024011216499697507
1342,4893,0.6427908032208187
1343,764,0.029259626562326835
1344,8352,0.5055066851706789
1345,3739,0.6577555909290924
1346,8214,0.5445600278429883
1347,3366,0.8116509583419673
1348,7610,0.6260486270994974
1349,1685,0.009534963296547794
1350,8856,0.6916867007255858
1351,5823,0.6516999538772039
1352,1499,0.5963654393749922
1353,2642,0.15779589572322417
1354,9961,0.6298783053525283
1355,550,0.006677635438502305
1356,10803,0.46627700857349996
1357,9690,0.458911146395926
1358,5393,0.7242826042522625
1359,6417,0.6364645820765542
1360,8805,0.6929138062992942
1361,5388,0.5882332120573652
1362,3295,0.5477759633464492
1363,6504,0.518457358091642
1364,1448,0.643165970950728
1365,6909,0.4843192137996336
1366,5134,0.7590093932291027
1367,7836,0.5881283920589415
1368,9557,0.5831333881550924
1369,6620,0.6061442987590345
1370,5369,0.6936330941812628
1371,2279,0.0016857601728982319
1372,10873,0.6005692779928764
1373,6058,0.6261314274811849
1374,6568,0.5707593666910367
1375,7364,0.6725355710621123
1376,7795,0.5188898536844953
1377,2934,0.16439815003859382
1378,438,0.006758718361102534
1379,5343,0.6894872607404311
1380,3184,0.6964071251153594
1381,4932,0.6564854299466211
1382,7542,0.6842570315223535
1383,10436,0.7936091356459638
1384,4226,0.703368863749679
1385,5667,0.7403140699276385
1386,3386,0.5363800054930793
1387,10515,0.44510550430925777
1388,10603,0.7719870593967186
1389,8431,0.547159319323725
1390,9589,0.7426230651219436
1391,1186,0.0025353878992033785
1392,2364,0.5141069937112207
1393,3085,0.19194167847219856
1394,2160,0.013638440112963446
1395,86,0.013997959267618043
1396,1456,0.006546724009104055
1397,9744,0.7934877553657563
1398,3199,0.5196213259783555
1399,7233,0.574542034885424
1400,396,0.35205883691109374
1401,8262,0.6172073661417595
1402,5230,0.5675212809901959
1403,2532,0.004615563997301564
1404,5725,0.5011558095165727
1405,9781,0.7130936625434905
1406,7634,0.7949722462270623
1407,6944,0.7140723733556059
1408,9217,0.7289298941079561
1409,4146,0.7119925873091153
1410,7470,0.4447121171175704
1411,9528,0.7971146231528818
1412,2455,0.003377176123994907
1413,4031,0.6407824810727836
1414,2791,0.003660793098507975
1415,5610,0.5553103754346029
1416,5854,0.7005248363809153
1417,7640,0.746512545736974
1418,1018,0.4588720960851994
1419,4662,0.636572726678855
1420,4177,0.5089832825278504
1421,10395,0.7764808369631764
1422,5268,0.5664235488903626
1423,9199,0.6406026308741753
1424,387,0.44958705763753337
1425,3866,0.5448873446613063
1426,3261,0.6775531986181186
1427,466,0.458780062806157
1428,4856,0.6100569951681605
1429,1234,0.24912582337897737
1430,5644,0.6866606934708486
1431,9772,0.554232837792373
1432,6321,0.6679811958500923
1433,1783,0.0038779282950498484
1434,3485,0.5539896281586818
1435,7325,0.4926872811817635
1436,7573,0.523331149442861
1437,10938,0.5814429476725267
1438,5526,0.4261067432057337
1439,1351,0.3468655189816119
1440,9574,0.7471199299674401
1441,8733,0.49156357724808997
1442,9439,0.6234081967933685
1443,3957,0.6460183937806514
1444,10879,0.7156608780188078
1445,5120,0.6608818291667395
1446,4242,0.7947825975058506
1447,897,0.07542747426559127
1448,9518,0.682848624139913
1449,72,0.049617993109131286
1450,8952,0.7014710403176334
1451,3328,0.6700067936492629
1452,2800,0.02851433432127315
1453,10439,0.45295965767261936
1454,71,0.5947819831389497
1455,6954,0.5807540677616992
1456,731,0.019227010354386564
1457,494,0.24617732088758815
1458,8270,0.5312135637726727
1459,2259,0.3816043163615127
1460,10750,0.5210458387705903
1461,6667,0.5943408930194576
1462,372,0.02351107735473934
1463,271,0.12262168988901345
1464,10713,0.4011486166594903
1465,4270,0.7304500868481908
1466,3373,0.5376918577767571
1467,879,0.5654307639806744
1468,3974,0.5084237035263366
1469,891,0.31009890681994445
1470,7744,0.423514710403306
1471,5153,0.4976327331098661
1472,3945,0.6786687429497715
1473,3586,0.7282491756536416
1474,7130,0.7965252260302739
1475,1903,0.054282051900508055
1476,5654,0.7438159229676051
1477,7232,0.6914982041681375
1478,284,0.0647233012355205
1479,8279,0.5997299952932322
1480,10899,0.5252740310489528
1481,7390,0.5196843162403193
1482,8832,0.4364076299204819
1483,6582,0.7018150401417995
1484,2561,0.0049823269860515
1485,244,0.5828822921596801
1486,3948,0.7358721656861167
1487,5408,0.7405090426585674
1488,4032,0.6794118955896047
1489,3353,0.6964161143871697
1490,10336,0.648169511938517
1491,5032,0.4538029521041993
1492,1310,0.0036404610754390276
1493,823,0.0014041309640682176
1494,6385,0.5809590913484189
1495,3963,0.549549370812934
1496,3202,0.44642704536927047
1497,9207,0.761652721618532
1498,8296,0.6874171607180378
1499,4749,0.7192288976234724
1500,2834,0.017556690282920062
1501,3964,0.611188582231593
1502,3800,0.8197199000604649
1503,1940,0.0030974896207399683
1504,2157,0.01953550244112412
1505,950,0.8124141415146803
1506,1111,0.010459381776619647
1507,2270,0.5035932683154818
1508,3668,0.6540244312251382
1509,958,0.07790640709849106
1510,2359,0.02686857827650213
1511,5184,0.5720472478895451
1512,1367,0.00348951539519482
1513,5187,0.6038891352710257
1514,2488,0.18464426729447003
1515,10048,0.6582073955984956
1516,7735,0.4914447418202862
1517,376,0.0060680811461978346
1518,2066,0.32657668402927853
1519,6649,0.6262956073719019
1520,5298,0.7380465784762912
1521,5401,0.5455598939092201
1522,683,0.02971822337085195
1523,10015,0.6864348198345486
1524,5097,0.7099619890307935
1525,9732,0.5170590764170513
1526,354,0.0016349930976613525
1527,7604,0.6444061959272522
1528,8812,0.6955968781179536
1529,6297,0.5117147875808999
1530,8435,0.6630135475639118
1531,6886,0.5585898163856874
1532,8741,0.538096605561625
1533,7481,0.5552512186418386
1534,3490,0.7153793245339038
1535,9285,0.6161755295990685
1536,10196,0.44315843009537326
1537,1522,0.519755973604985
1538,9344,0.6589272843671856
1539,10741,0.5378806909617798
1540,8326,0.5742848142552155
1541,5863,0.6784072124665441
1542,270,0.34403492265681446
1543,5631,0.7996060696349447
1544,6481,0.621348631785013
1545,6750,0.5261346955963045
1546,3446,0.6820771954184945
1547,10796,0.36870318369991795
1548,10864,0.6184007706004822
1549,2223,0.15411581974142485
1550,7194,0.584845476290692
1551,1493,0.2614183170413593
1552,9051,0.7218255571553742
1553,9314,0.6626455139605842
1554,5806,0.6297125873454823
1555,9777,0.624624979097834
1556,6580,0.4154428661850206
1557,3931,0.47265570015604774
1558,1778,0.0016302925912985433
1559,4765,0.7078199931068074
1560,12,0.6307236395688327
1561,7190,0.461079564048671
1562,7273,0.6003570843209849
1563,6233,0.6650388166342702
1564,5044,0.6549656835354856
1565,2968,0.4720891168757211
1566,6308,0.6796537052126039
1567,9041,0.47923386174635707
1568,8675,0.56974251490933
1569,10528,0.8509367638109235
1570,9703,0.5231781969404432
1571,10484,0.6120559848468665
1572,5817,0.7768804047078043
1573,7834,0.5759123051224172
1574,6548,0.39554059015659815
1575,6640,0.6115976417578391
1576,1004,0.0010829720410263644
1577,5818,0.6386075670465956
1578,9430,0.5150371504891088
1579,3354,0.6605471317013918
1580,4642,0.6020836868306719
1581,6574,0.5676384001391462
1582,5459,0.5459861278880263
1583,3641,0.6332866740650032
1584,350,0.29744299446654776
1585,7500,0.4574169310989431
1586,4587,0.7437038179458797
1587,3934,0.6647663736902107
1588,8100,0.4968994364659295
1589,2355,0.0024110441816459494
1590,8003,0.4618748303688971
1591,10401,0.618987806464935
1592,6078,0.7642113453769571
1593,2407,0.07990550577785482
1594,7651,0.6587075818385917
1595,10360,0.5499114036394934
1596,4501,0.7357595693223431
1597,1334,0.013621414893086436
1598,3020,0.0027588949597889822
1599,9970,0.6009579040701529
1600,6596,0.5459342020590471
1601,7131,0.5833774788678203
1602,3954,0.813495198336994
1603,3494,0.7536182318213047
1604,3865,0.7004929445037289
1605,134,0.532326417669106
1606,8864,0.6852533371370655
1607,7466,0.6913072766162282
1608,6514,0.5119053586722614
1609,9963,0.7170425837488917
1610,3890,0.7505308387052143
1611,9070,0.5643329843040729
1612,3707,0.5460003054875262
1613,4416,0.4521484242143883
1614,5058,0.7370859328028103
1615,8360,0.6232449624314156
1616,5133,0.679242322507568
1617,6179,0.5490677073401122
1618,8351,0.4265005802855588
1619,5881,0.6719015805635187
1620,3682,0.5861850004699298
1621,7264,0.6003643178305892
1622,9429,0.43147176096454265
1623,10011,0.6760673058804705
1624,3384,0.5410762911608796
1625,10295,0.5393048242642711
1626,1888,0.5637791790063542
1627,3156,0.4547098707510848
1628,2162,0.10066440311487823
1629,6576,0.6028424628628808
1630,8947,0.7259675549145921
1631,5949,0.8153588051240017
1632,7328,0.6325051077719483
1633,2553,0.0014159298643952045
1634,3566,0.7139319577842387
1635,668,0.0016729655577678582
1636,1634,0.6309149830346596
1637,951,0.00982634851326425
1638,6761,0.8047431588515568
1639,3185,0.4849084578874888
1640,10139,0.5123637602355464
1641,1759,0.5880973616635813
1642,5270,0.5811822900518564
1643,6290,0.49106819308283967
1644,768,0.5326723498096053
1645,5815,0.6780215282147154
1646,8532,0.7916870568339733
1647,6079,0.4491756199734771
1648,8966,0.52654275241026
1649,6653,0.7559295569352681
1650,3689,0.6317432317901064
1651,8956,0.7017675568378653
1652,10252,0.602731274089974
1653,2015,0.11369931713400838
1654,6874,0.4343970151690174
1655,7402,0.5883567995911786
1656,5143,0.7850127472857166
1657,7318,0.7726181831789882
1658,913,0.030829035393430293
1659,1844,0.13222351756248474
1660,963,0.002495128854441697
1661,6392,0.5782696799571678
1662,5524,0.507844055964644
1663,1916,0.021666908037291877
1664,2210,0.0035411670677224505
1665,4710,0.5742033507020254
1666,5618,0.8300845488308483
1667,4764,0.5627545594273455
1668,10555,0.6260363980799375
1669,6360,0.6886894472780822
1670,8926,0.6238595328855766
1671,4852,0.5688686916653732
1672,5585,0.7840380279428513
1673,9819,0.5720936943592069
1674,1873,0.0029309237367985963
1675,4374,0.6977756277726523
1676,6016,0.6172452093317077
1677,6171,0.6604564621275162
1678,7669,0.4121524789851415
1679,7522,0.687565821448469
1680,5875,0.6254108145409043
1681,6967,0.7891738589103935
1682,3070,0.26363528025612837
1683,6879,0.6190571504632095
1684,5833,0.7535475341247438
1685,1384,0.19447586247477178
1686,10510,0.6498581480037351
1687,5583,0.7309166786293484
1688,3884,0.6680101831935119
1689,8520,0.5996221504249994
1690,6247,0.6295885775089597
1691,4359,0.7852927461915324
1692,6158,0.7165642932858415
1693,4859,0.6624757402784349
1694,9721,0.5969015363975341
1695,10240,0.5527283158669996
1696,2918,0.24848558462379833
1697,9760,0.6447049135006173
1698,3497,0.5253012076848509
1699,9294,0.728559319452811
1700,1927,0.11940443480151497
1701,9279,0.5942879699346758
1702,9329,0.6789235623610912
1703,2127,0.6246765820796469
1704,6747,0.7820211512224133
1705,9968,0.725083955775113
1706,4284,0.6843986169620968
1707,796,0.007409918510133506
1708,7903,0.6068588966003907
1709,1217,0.01595715813569143
1710,9621,0.5802894303085564
1711,7716,0.7193676645195921
1712,1100,0.20361574739618316
1713,349,0.007771117490552704
1714,6928,0.5089276358368338
1715,5757,0.4464829632678393
1716,9083,0.6424740640053004
1717,7925,0.7132332806078303
1718,6646,0.4958825112371329
1719,3863,0.7348120109159244
1720,2732,0.3024091995053332
1721,7456,0.6056661526578306
1722,8430,0.5491847013724933
1723,7693,0.8663821835407614
1724,7195,0.5007244756925353
1725,2556,0.030446661633071193
1726,5321,0.7228098147475124
1727,10838,0.7767015538171347
1728,3913,0.5529231287805354
1729,8052,0.43021926581540704
1730,7090,0.6403311246772878
1731,5794,0.6302492553047707
1732,4669,0.5720618660669352
1733,3388,0.6973675240263495
1734,4039,0.7038060231876867
1735,6655,0.7759072970417938
1736,5259,0.540509648632354
1737,5819,0.6599545051846245
1738,9382,0.5450622163761244
1739,1663,0.011185710739983645
1740,538,0.12697213974263888
1741,4187,0.46686055337213606
1742,4914,0.5191669835554202
1743,1373,0.010931523631473872
1744,39,0.013427927899390402
1745,7702,0.7035374068278388
1746,10340,0.865282882988442
1747,3492,0.6150350093587418
1748,1738,0.033300341063595806
1749,10809,0.39623328689546566
1750,9501,0.731822053768731
1751,4819,0.6484061542393069
1752,6513,0.46207872802757566
1753,6489,0.3488077793654032
1754,1269,0.007028412504649917
1755,9183,0.40729149089940886
1756,4298,0.49267200498018693
1757,1509,0.05880162432049019
1758,5992,0.5799103454129861
1759,3531,0.7097005483169871
1760,10722,0.4193892037863213
1761,8518,0.7424174653393201
1762,1807,0.024698919726664714
1763,2593,0.008685405269710178
1764,6802,0.6980695909783039
1765,7524,0.4526890397755269
1766,7473,0.6559528945829417
1767,426,0.0027083052416984055
1768,2247,0.5209240908578229
1769,5229,0.7749307330656898
1770,3537,0.6055534271603127
1771,8074,0.5689752958549138
1772,2786,0.1726018807012264
1773,5970,0.6805049822002731
1774,6817,0.6041933274242015
1775,9441,0.600982429324957
1776,4483,0.546360242812518
1777,10702,0.5914073600717255
1778,6851,0.7469866174087325
1779,6629,0.5517662259161042
1780,4600,0.5679180289522612
1781,641,0.0006341077399102391
1782,4428,0.7481013129772567
1783,8554,0.47750947249082
1784,2580,0.16257617817105574
1785,7008,0.7058776861521046
1786,2973,0.06980616139094664
1787,8221,0.628801186718432
1788,471,0.4992242635474634
1789,9588,0.6809455062547455
1790,2084,0.011408173083524598
1791,2818,0.33044214628190827
1792,4348,0.5505839806499233
1793,6133,0.7972248319120743
1794,9195,0.4507244753317995
1795,7557,0.7416215686163328
1796,9489,0.6054452145363232
1797,4854,0.5710180111726271
1798,4210,0.5966807733347274
1799,1439,0.2722001528634106
1800,5641,0.7846581249718197
1801,1832,0.0013538781782399534
1802,4190,0.6719691239988659
1803,2131,0.10838223227057564
1804,498,0.12339756825158632
1805,9385,0.6168795137461924
1806,6778,0.6401712631887813
1807,421,0.10062053986601593
1808,1862,0.04607225466432663
1809,5897,0.7310241266103854
1810,2409,0.39269773119000906
1811,3318,0.7206467677299457
1812,5604,0.628117446046927
1813,2547,0.002475841380727095
1814,733,0.13444247366887696
1815,3719,0.622780578707733
1816,10211,0.4881891968904467
1817,1379,0.17839761434096346
1818,1503,0.5896918031670559
1819,8902,0.6258965691404935
1820,9929,0.556374601110271
1821,3575,0.34766459000406147
1822,8618,0.3853105512109245
1823,4995,0.6072195340761715
1824,7986,0.6577041665641257
1825,7975,0.6494043480028104
1826,2130,0.008507889418732817
1827,2107,0.006435893635048484
1828,1064,0.2477689450573145
1829,2341,0.012913871480963457
1830,8835,0.5082140021886684
1831,10244,0.7074262305083829
1832,7180,0.5800253904648545
1833,9169,0.6668909551053389
1834,5157,0.5246592902387011
1835,948,0.5730680880952627
1836,9422,0.4732332436696528
1837,6021,0.4274049225855858
1838,850,0.5519736992235544
1839,6470,0.6843272299342615
1840,5671,0.8171652409322838
1841,658,0.08021770532048589
1842,4738,0.43304956485731316
1843,5804,0.6738523616750789
1844,5621,0.6736582722279298
1845,2502,0.003391741199269771
1846,8124,0.7722249013216815
1847,3235,0.7099955342821019
1848,2064,0.3281566730044374
1849,3047,0.008660997138272064
1850,9857,0.7346448001171475
1851,2828,0.013582910785705837
1852,3091,0.013692729639371182
1853,3538,0.49696325179902145
1854,9030,0.8571441748246892
1855,1815,0.445804055611808
1856,9356,0.5151914982063397
1857,1038,0.05257266973400132
1858,3590,0.7771722156183645
1859,1196,0.009150549363546978
1860,8782,0.5939257608875776
1861,7574,0.6701192042622319
1862,4300,0.7835417494648802
1863,5515,0.3832724484091323
1864,10767,0.5985614913955148
1865,6700,0.4920056164279809
1866,1321,0.6094349725260108
1867,5030,0.5504359066716089
1868,169,0.05123851121536549
1869,1784,0.4317015553733655
1870,5730,0.5925951730600658
1871,7880,0.7647513703491583
1872,2083,0.015497916666814993
1873,918,0.2862029560984082
1874,2796,0.03750022655238172
1875,76,0.015888238624439777
1876,549,0.30449198772716224
1877,635,0.0017543299291039594
1878,10790,0.4898613998878425
1879,654,0.5505799650351919
1880,4649,0.6976068375291443
1881,5493,0.6674686263960435
1882,10580,0.6390477134850368
1883,6431,0.5597739708998223
1884,4465,0.6379723066052493
1885,10558,0.5782052217846663
1886,8459,0.6199361181020184
1887,1214,0.2208525213825423
1888,1830,0.013795771814862023
1889,4327,0.7090969554302633
1890,1767,0.030203833333063534
1891,9010,0.6555580290752805
1892,7114,0.6828855567231382
1893,2710,0.06391592907846366
1894,8657,0.6055492311484845
1895,7592,0.8359401706103238
1896,10519,0.5222029215490016
1897,807,0.002289626557666513
1898,9287,0.4388533655029261
1899,8575,0.7284705237923723
1900,2836,0.006235722369620222
1901,7878,0.5634583489188125
1902,2963,0.007648008586605748
1903,8696,0.848392317161677
1904,3409,0.6344147000984988
1905,3600,0.8327387092030201
1906,695,0.000867045526786625
1907,5523,0.49337202986984585
1908,8396,0.7688747374566931
1909,8397,0.45059362476446574
1910,5251,0.4246146923310482
1911,2059,0.051254144708026694
1912,9200,0.4475400365613156
1913,6940,0.5835852202019354
1914,4485,0.7664772552289347
1915,3879,0.7401894330620099
1916,9481,0.7490178225258954
1917,1675,0.0020193988922203587
1918,7254,0.7080495447629098
1919,9390,0.6068517686610521
1920,7688,0.5700083392083531
1921,4479,0.6299179143976865
1922,4627,0.5720920384970725
1923,6980,0.6141595693372245
1924,9478,0.7085715058738243
1925,7077,0.5947422460616849
1926,10785,0.5765720407340664
1927,9112,0.4650095822001892
1928,8563,0.423576443244604
1929,8040,0.36323830061969875
1930,780,0.22762752385959373
1931,5328,0.6229523112431368
1932,9987,0.4793920893033725
1933,2439,0.00577423120019116
1934,10167,0.534029832898264
1935,305,0.03965909010076718
1936,7608,0.5347393454574609
1937,2070,0.001762935955537115
1938,9842,0.7569882988179975
1939,1799,0.004770011229944582
1940,3579,0.7198940817177215
1941,8093,0.7756011455456853
1942,5600,0.7477324065474373
1943,3935,0.6066771369115818
1944,6102,0.6699061383419926
1945,5638,0.6442858264331802
1946,1917,0.6465467417951238
1947,3772,0.553710602244629
1948,7078,0.8054021739145993
1949,7780,0.4716431128087628
1950,907,0.002143988841828648
1951,3056,0.4291691945354186
1952,6261,0.45152214907030686
1953,1156,0.02876246942420313
1954,2349,0.040073968938640236
1955,1255,0.2639772479077698
1956,5899,0.4744119359283252
1957,7570,0.7558305597785033
1958,10874,0.6139805621773871
1959,10433,0.7528557112805636
1960,6013,0.4720943309165597
1961,8333,0.6637701257489649
1962,6533,0.6582147233998196
1963,9490,0.5248904259256855
1964,5395,0.6755267477184802
1965,7952,0.44842649959709047
1966,2731,0.002412101757437668
1967,9934,0.3875532505377549
1968,10960,0.6844579479867969
1969,787,0.11435761224446994
1970,5192,0.6672896111849143
1971,3291,0.5606697113959405
1972,1704,0.20894473992284657
1973,3412,0.4910232694022817
1974,1264,0.0008567598165950541
1975,10979,0.543887294981334
1976,5123,0.5126421105485743
1977,3652,0.7770757233455978
1978,4875,0.7232073417350366
1979,8394,0.49889886315428533
1980,10305,0.6909234688450737
1981,1574,0.5142993002203459
1982,5409,0.61815561434925
1983,6731,0.5938327020748246
1984,7798,0.6985104048129964
1985,9738,0.7417888228096123
1986,1768,0.0025413796012905276
1987,5383,0.6217947040986055
1988,8975,0.6820101540552381
1989,6034,0.6197903029677785
1990,904,0.002104114521919942
1991,4528,0.7333829471744713
1992,6711,0.5267769947189658
1993,728,0.006230421141295128
1994,9042,0.578981418632231
1995,1399,0.1662734224659732
1996,8428,0.581230752524942
1997,4071,0.5607499749840621
1998,9617,0.6615347729470482
1999,3873,0.7615408887890641
2000,8048,0.47986717671643564
2001,10705,0.3738199191194549
2002,10169,0.751421796098434
2003,2135,0.5727894533662468
2004,7695,0.5931217930429513
2005,3671,0.7217945450359093
2006,4167,0.6664634557394472
2007,4108,0.5601126726580801
2008,730,0.2322367528019399
2009,3555,0.6911971626043436
2010,290,0.41061735860548176
2011,9100,0.6434671596070634
2012,886,0.21761841373887214
2013,7387,0.6328648900189929
2014,5258,0.5873488327367447
2015,113,0.01778886021758863
2016,6444,0.5936925686524014
2017,2848,0.0047141261048589955
2018,6811,0.5747932763763064
2019,9486,0.4649678454482483
2020,1769,0.06142752594333145
2021,419,0.008224270404733947
2022,7951,0.4741187944151699
2023,6794,0.64438165678425
2024,7562,0.6215817463668576
2025,7069,0.6872319253618051
2026,9191,0.4104794462010636
2027,8181,0.7196910273857327
2028,10889,0.6638980101254692
2029,2932,0.3488358986678519
2030,3540,0.585240709045346
2031,7216,0.46309481669456865
2032,2248,0.4006693471278776
2033,3282,0.6426494849453867
2034,597,0.028254242407338426
2035,2144,0.0031543207893137692
2036,9232,0.5852383829354879
2037,6386,0.710409572009234
2038,7841,0.6309665184707328
2039,789,0.019714761298567085
2040,10881,0.5420353789126829
2041,365,0.016812395795396284
2042,2339,0.030014144603776716
2043,7317,0.5236132869673451
2044,7300,0.6096375486825659
2045,10820,0.5693880777838812
2046,10128,0.6312120802516548
2047,8385,0.7055990665781964
2048,2946,0.005515266655143902
2049,3894,0.5249559121859391
2050,7582,0.7154263746780587
2051,6373,0.5693651386514799
2052,9988,0.692692075707151
2053,10483,0.537405636198304
2054,8223,0.6631750848967508
2055,977,0.0011600793364708872
2056,10835,0.5708285473363388
2057,1822,0.5097747240228129
2058,215,0.009398721246161701
2059,581,0.13953377125108302
2060,287,0.025204113770769476
2061,2007,0.0030568663532007934
2062,6633,0.6062517341981881
2063,8949,0.7045064297162102
2064,3952,0.5696642977850099
2065,9423,0.5103959594147178
2066,1285,0.02412367958763273
2067,2980,0.6045101928198301
2068,5396,0.7712306885930869
2069,2442,0.13988716195741469
2070,6144,0.7379670008832016
2071,6965,0.6526521749355899
2072,9104,0.427187358709489
2073,8485,0.6901601610482461
2074,3603,0.4500168818613959
2075,2469,0.0011579495248248417
2076,10715,0.5964706641438091
2077,4680,0.5432333045179768
2078,5138,0.5584688551680294
2079,59,0.14606198219991962
2080,10485,0.41950462899715013
2081,5405,0.6742536765456463
2082,6443,0.674396744567404
2083,3467,0.5410320640845867
2084,6413,0.7135469568099588
2085,7115,0.5528045803511207
2086,9046,0.46141139582191215
2087,10536,0.7267751806892999
2088,6131,0.6570249173867209
2089,6175,0.6263656102650053
2090,4371,0.6473370337600606
2091,2451,0.0022206824680160997
2092,10758,0.5334371744977913
2093,3886,0.7890747748965038
2094,7928,0.7279982431090485
2095,1183,0.025430465284111192
2096,4937,0.7336218198476345
2097,2417,0.0011681764647607507
2098,7323,0.7703998663709986
2099,7817,0.6725878306640678
2100,10900,0.5997559083859492
2101,6543,0.4936916923449449
2102,8112,0.5309729210864833
2103,2551,0.008057149583247658
2104,5922,0.661411815901292
2105,2769,0.0066370288213608575
2106,1979,0.00391890317192134
2107,3075,0.3142250055808432
2108,6665,0.7417727413014616
2109,5307,0.48276536215939503
2110,3692,0.6988911285637955
2111,10069,0.4853760716021357
2112,9066,0.5672681493909446
2113,4931,0.44113813347149544
2114,1412,0.6020429593059488
2115,6710,0.7700783220667237
2116,868,0.5362623054456469
2117,10398,0.7368368733817154
2118,3114,0.6810320866567292
2119,6215,0.4008780505969408
2120,5299,0.7409309602555529
2121,1452,0.005118943443700119
2122,5223,0.82133021368593
2123,7135,0.6001850937706459
2124,6768,0.6973520782834157
2125,6732,0.4782212689210972
2126,8684,0.5089561437687043
2127,3461,0.6256065833486808
2128,4093,0.6962945981344112
2129,5277,0.6168037347116038
2130,1155,0.27359021802652994
2131,1905,0.024972233810153677
2132,4987,0.6690053526506725
2133,374,0.26115269977776
2134,7165,0.6146329756403375
2135,206,0.5136605656780349
2136,10856,0.7397965860640445
2137,3284,0.5693916443238258
2138,7983,0.8030778600248997
2139,8962,0.6365305780937054
2140,4918,0.6037813895115489
2141,700,0.04563984080401118
2142,6621,0.7029008068590374
2143,2340,0.003452616182488377
2144,7288,0.6141043593754575
2145,3673,0.488291513039497
2146,5080,0.7480493259781804
2147,247,0.002613203388931673
2148,6011,0.5415896497753265
2149,303,0.004359435223926789
2150,2705,0.0019184770513370752
2151,2267,0.029780025389468445
2152,9600,0.5870220801636885
2153,7182,0.450629785082971
2154,7312,0.6336111562609024
2155,5471,0.47000286579711914
2156,4948,0.667231725299331
2157,7897,0.5823886433383496
2158,5147,0.5376305893599735
2159,45,0.4869356878040979
2160,3307,0.508242375829342
2161,6292,0.6127673404411726
2162,4731,0.8133612133295648
2163,8313,0.7191932469689978
2164,10642,0.782523118862274
2165,5075,0.6869739133829922
2166,974,0.28070508213103995
2167,9268,0.6181109239703193
2168,253,0.09217819058482946
2169,5658,0.7077625203834874
2170,8498,0.8195217168326789
2171,4606,0.7220059950703693
2172,108,0.0031335291828445966
2173,6661,0.5025801745203315
2174,2543,0.003906339547532056
2175,5497,0.4559980103579183
2176,3292,0.5862989122716965
2177,4915,0.5798312697599999
2178,3132,0.13122894718065303
2179,7821,0.5978407200248672
2180,849,0.003200954617220919
2181,9623,0.6533011851748292
2182,460,0.2735642295439321
2183,9297,0.5064713443247484
2184,545,0.006282643174954861
2185,2227,0.369322888444626
2186,2307,0.37563456586650046
2187,2213,0.0013741941184556294
2188,1400,0.2763984937669689
2189,3493,0.47631815437170266
2190,4145,0.40622084669907477
2191,5054,0.755151014793707
2192,10354,0.6094838688940365
2193,5775,0.43485860629293616
2194,5746,0.7174515339414491
2195,10112,0.5815330027934044
2196,541,0.021749098892877905
2197,9679,0.5324799015906423
2198,5111,0.5458178689660318
2199,8545,0.6975377239925542
2200,8620,0.4011837871674694
2201,6628,0.6692586454946932
2202,6552,0.4769153485419968
2203,2638,0.01097472654137166
2204,5412,0.7292803848765932
2205,3159,0.5347669986383907
2206,4656,0.6040702778276362
2207,8669,0.7291154740887683
2208,8178,0.6800065428516402
2209,2821,0.3982056797674858
2210,9701,0.5497798850655
2211,9407,0.44364078612624325
2212,4368,0.6821955756149093
2213,3026,0.003073955389322869
2214,9803,0.6356069703170034
2215,3096,0.04859622365003713
2216,8294,0.6220190021927092
2217,9484,0.5354632990104871
2218,6900,0.5241555705883457
2219,3083,0.08841816449932993
2220,4543,0.5907330177785144
2221,10831,0.699621117223233
2222,6916,0.5802168746063276
2223,8492,0.6187835125255984
2224,2380,0.004260826962007025
2225,4281,0.7069142065880094
2226,2544,0.01693793022250467
2227,7188,0.6636713078998586
2228,6979,0.6426615398189048
2229,2972,0.010312292511333143
2230,2891,0.0021089584746017964
2231,648,0.6822193472251811
2232,7624,0.7378132069793404
2233,436,0.23387539948379865
2234,3029,0.01464997737699969
2235,7543,0.5922305672589603
2236,6,0.5344490107366048
2237,9614,0.6574512714865044
2238,4082,0.8390420479339271
2239,3251,0.7171771356001523
2240,4381,0.4588205950901396
2241,1737,0.01593844500897812
2242,4983,0.6780878916289623
2243,8841,0.6195710393502747
2244,9565,0.49068349489791663
2245,3407,0.6125417268172106
2246,1568,0.460997465867371
2247,6039,0.5818371259021263
2248,1804,0.0014529674915538804
2249,9436,0.5641112386047151
2250,8587,0.65142171820748
2251,5584,0.6560213839604737
2252,8457,0.6114438647958806
2253,10995,0.4654457877703857
2254,98,0.38567099054972154
2255,4745,0.6868517356126357
2256,7334,0.641182956423558
2257,5059,0.7009768554894323
2258,6846,0.6603333139784616
2259,5429,0.5858639037535651
2260,9243,0.6853591312468235
2261,4126,0.6934693128338154
2262,6474,0.6440174054030138
2263,1098,0.06617432979832316
2264,6408,0.6083549249768874
2265,1692,0.6854382200483943
2266,3850,0.7764974497222995
2267,3212,0.7654236902103615
2268,5090,0.6784862902587427
2269,797,0.0010871729576416023
2270,6251,0.8052481927286236
2271,4034,0.7979969805822213
2272,8438,0.7654267969572156
2273,9770,0.7088979952555012
2274,10155,0.6139721509129694
2275,10865,0.7308125904091589
2276,3732,0.8200020729460813
2277,7946,0.5830069546252125
2278,2275,0.0038145176221203725
2279,10973,0.497157134624435
2280,8852,0.7770843977906413
2281,377,0.1410106429003961
2282,2505,0.439831625197151
2283,8672,0.6539111303706111
2284,10371,0.7516312776017607
2285,10030,0.5842102682741686
2286,2982,0.0005812076425546486
2287,8938,0.4942347538283578
2288,10145,0.49421698522909097
2289,9077,0.6595613448413519
2290,6375,0.656679051188098
2291,546,0.00886945329856792
2292,552,0.26467965977682695
2293,10311,0.5982495212863908
2294,2633,0.044064124334551646
2295,4185,0.6851476141302733
2296,6936,0.7065769367362564
2297,2356,0.03145475912260276
2298,1309,0.195155246321413
2299,1340,0.3508592938219637
2300,8566,0.7648354139589999
2301,8386,0.7617342075491632
2302,10823,0.5034481960318478
2303,10907,0.649971460871441
2304,8102,0.6678857957897877
2305,1930,0.23265665770512645
2306,10302,0.6525677121555358
2307,2108,0.04810738500070222
2308,4147,0.6802104377776413
2309,8253,0.6974567273202739
2310,10853,0.7126076538244931
2311,6007,0.6927429102008636
2312,2369,0.29602149427037194
2313,3915,0.5619317899973846
2314,911,0.011050288809967501
2315,5650,0.5634504883791462
2316,5735,0.5958901695436782
2317,2121,0.0008069437656946787
2318,6207,0.799027740329314
2319,7872,0.5794062165077529
2320,1249,0.41818448613756065
2321,5744,0.6988552442871161
2322,10653,0.44460263736327177
2323,6455,0.6433593335466323
2324,10329,0.5608335715729502
2325,9576,0.6339503827984672
2326,8535,0.5305028551326694
2327,8209,0.7240977720861932
2328,2446,0.011097214789712262
2329,3411,0.5853311185336783
2330,1072,0.4904406889264703
2331,4781,0.4737665328651348
2332,8120,0.6163500397017078
2333,4199,0.6417654352841284
2334,4322,0.6285890748902914
2335,6366,0.45972485819527664
2336,1532,0.024233840372875903
2337,6252,0.6668797558065465
2338,6151,0.6328202931389237
2339,8561,0.5886473840362358
2340,6107,0.590921597413674
2341,4044,0.7169638596508627
2342,8477,0.7683683736829132
2343,7169,0.5939902734234281
2344,4820,0.6518415702695616
2345,10621,0.7303427890777959
2346,7459,0.40117115672333903
2347,3211,0.5950928284493353
2348,10468,0.5858887161154654
2349,5085,0.7385349560145154
2350,4712,0.6465121914967767
2351,9416,0.550304720850541
2352,8166,0.6356661131110887
2353,599,0.5373924497942284
2354,5941,0.7683137695952758
2355,6092,0.798567359055502
2356,5953,0.8005513744435473
2357,2802,0.0005106205016016663
2358,6547,0.5525039154607628
2359,8953,0.39872317712634653
2360,10078,0.760268928162023
2361,5371,0.6532818421848118
2362,2071,0.003085693903931319
2363,4165,0.5869742511021283
2364,8623,0.543681380755914
2365,5541,0.7660146967992579
2366,7302,0.5777776718577995
2367,10575,0.6477824089780289
2368,1548,0.07889496016224329
2369,9121,0.735709345728261
2370,8433,0.7647883364869087
2371,10165,0.7682138504701788
2372,1970,0.005489859864908242
2373,3568,0.6972967856024876
2374,4846,0.686698221863671
2375,4954,0.6619737669378453
2376,4667,0.6013156154644984
2377,4,0.006667887033627418
2378,9735,0.7408602269706128
2379,3134,0.7999246798967818
2380,7528,0.7037410431746172
2381,5574,0.598457904324867
2382,7854,0.555080781771785
2383,825,0.027673402901184252
2384,5787,0.4646126975479212
2385,3487,0.6941655952254833
2386,8586,0.6922130687257291
2387,2221,0.4673465140796047
2388,3588,0.7942169614283373
2389,1070,0.0015473695286328804
2390,7185,0.6415678551875222
2391,7141,0.48233365922666294
2392,5906,0.6221633402832433
2393,10282,0.6830265902644219
2394,5837,0.5444363078966835
2395,865,0.0009311934353500861
2396,10399,0.7778651379816877
2397,9620,0.6122698886580313
2398,6378,0.7519458750864007
2399,375,0.0043187385773537645
2400,6231,0.6946500666729502
2401,8425,0.7437892344109025
2402,8095,0.7374409296422781
2403,2377,0.00477783281005395
2404,4438,0.7758254335079053
2405,1814,0.016545790020847995
2406,905,0.19970771097461482
2407,2698,0.5082261847191646
2408,6322,0.7465371957630957
2409,5772,0.39919944586260403
2410,2013,0.008352968101599356
2411,6812,0.5694599384905421
2412,7286,0.7619711134567912
2413,9235,0.7737827012734457
2414,4319,0.6601340063405783
2415,4648,0.5473898345140693
2416,8325,0.6018793659631265
2417,6340,0.4964801651584325
2418,2310,0.23570373110957354
2419,4857,0.6385173742512609
2420,9228,0.5960653899994182
2421,5431,0.5559773897745852
2422,5630,0.7876184092064196
2423,481,0.009623735909073838
2424,200,0.2793160098893053
2425,6108,0.46932579601976354
2426,9966,0.4266807210664997
2427,5478,0.6238891061059912
2428,8982,0.5367461174803858
2429,1145,0.0020735113876103606
2430,2555,0.03665689782945081
2431,5509,0.535886898224597
2432,8305,0.5967224954791925
2433,4331,0.6655962533148699
2434,6791,0.6243919664812706
2435,1854,0.04438756395803456
2436,8585,0.8772830476111195
2437,4760,0.6901831863871066
2438,7488,0.39967958890017175
2439,5615,0.5290950579005802
2440,3302,0.7326648438471473
2441,1339,0.003829923180441508
2442,8659,0.4020169069024696
2443,4232,0.5268857155761896
2444,4065,0.5342036882872557
2445,6241,0.6876487815479577
2446,3631,0.5990002353962021
2447,6065,0.7497156181543685
2448,2865,0.07265453476818484
2449,8243,0.7789261303480504
2450,1559,0.5211076109340096
2451,4916,0.5478596798156821
2452,1786,0.002869880280874204
2453,10067,0.60322634397894
2454,10074,0.5733217745329378
2455,5558,0.7425520478809936
2456,301,0.0360092969844622
2457,5200,0.6814306361565419
2458,5866,0.46935652191468613
2459,9054,0.773105218242852
2460,8123,0.6714404380800907
2461,7455,0.45499537312637084
2462,721,0.0020862673503921902
2463,6970,0.5694857222660299
2464,6613,0.5518747131505761
2465,8797,0.41519827665808373
2466,6852,0.7381754760849317
2467,1580,0.08009589372752057
2468,1701,0.011437571597674112
2469,6622,0.6556986412434221
2470,9943,0.4896518175167279
2471,8265,0.4737083625622829
2472,8423,0.6760189252080342
2473,8080,0.704255668226315
2474,2657,0.01104615402942688
2475,29,0.03877430552988115
2476,10680,0.5857746841988687
2477,8069,0.7428046252747004
2478,4458,0.5694604740010877
2479,219,0.0024390804588666493
2480,6516,0.7647263930723763
2481,4865,0.6856497002532089
2482,7904,0.6543767472163393
2483,10334,0.5458940653423578
2484,9571,0.5637218947226852
2485,3927,0.48651282919347627
2486,2720,0.6265994444997784
2487,2236,0.10207152839232914
2488,4495,0.603211105085691
2489,2930,0.002310323566564243
2490,9517,0.5919651457323098
2491,3647,0.6589222846243784
2492,1498,0.0009572864691634875
2493,7955,0.478862293354982
2494,8901,0.67017685813008
2495,2824,0.0636521424065799
2496,6790,0.7676664844010272
2497,1416,0.4244093098598126
2498,5070,0.6225221976776252
2499,5647,0.6821787716043084
2500,1152,0.03897185393800717
2501,7830,0.7321157275310961
2502,1826,0.5499044562282441
2503,6042,0.5621759851518737
2504,5790,0.648744963155643
2505,8218,0.6060247904947549
2506,10191,0.6584030992557461
2507,10954,0.6634158869480957
2508,3398,0.6483131805559711
2509,8163,0.6561757413539355
2510,7980,0.571620606075544
2511,2670,0.6619077330192504
2512,7545,0.5144103344362684
2513,8976,0.6535124261897374
2514,10434,0.5593355360861322
2515,5802,0.595287890333488
2516,2116,0.0037740120392451004
2517,4444,0.4597296566821816
2518,7430,0.6777959764488948
2519,2231,0.002541773122543556
2520,544,0.006070669799815964
2521,404,0.0070519973605263075
2522,10258,0.6233014027703158
2523,6931,0.677707292253969
2524,5140,0.6141088652331885
2525,19,0.005542605216355856
2526,10542,0.4534770656937679
2527,4782,0.5702933845757667
2528,3861,0.72882295643937
2529,9181,0.5399861420729091
2530,883,0.5561181680112601
2531,3255,0.6573816726990374
2532,7277,0.423514087439014
2533,4776,0.6743154306572865
2534,9084,0.7691807602988862
2535,7075,0.6741731526180035
2536,8105,0.7808955778443716
2537,1,0.001977358635333215
2538,617,0.5056082303049989
2539,9322,0.6851550494999082
2540,10052,0.633541486967299
2541,6459,0.5041545236135
2542,5853,0.587527126423653
2543,4464,0.6388453445094375
2544,7091,0.7845842334160202
2545,4196,0.6067111521825912
2546,7993,0.7323629987247127
2547,8160,0.6343847046580324
2548,6718,0.6123729525642809
2549,3654,0.5332345690411563
2550,7043,0.6575438467015344
2551,10686,0.6893107792938714
2552,1773,0.6847581782408073
2553,528,0.5225080204822017
2554,10607,0.6750568890907517
2555,9446,0.48708451024661237
2556,3315,0.5111447233389048
2557,4263,0.6722812570009458
2558,3113,0.018081848921110866
2559,618,0.0009167148806292769
2560,4754,0.4133769627233538
2561,3011,0.2091625671681242
2562,9568,0.49620642589718345
2563,3133,0.0012939524056575502
2564,3543,0.7610148583418772
2565,1150,0.27765695079553376
2566,7246,0.7372249105913132
2567,5516,0.6679216719761181
2568,2217,0.011181590340735514
2569,2048,0.006875073509908236
2570,2360,0.007995963736111555
2571,2895,0.34738990395927116
2572,88,0.005981712498359659
2573,2437,0.0009542095665699968
2574,10675,0.7374214958689802
2575,4393,0.6414672874066547
2576,925,0.0017191429398962788
2577,9680,0.6398731513875408
2578,1187,0.3061591176697259
2579,981,0.5541256937628987
2580,3734,0.7133538911977684
2581,2495,0.3089689528243692
2582,7901,0.5043861137447423
2583,8565,0.7385473008535348
2584,87,0.7046313499794766
2585,10949,0.3729730753725895
2586,3789,0.7459714902539988
2587,1722,0.4533743479970428
2588,10914,0.6896053426012654
2589,2101,0.060759807936488386
2590,5910,0.7736068206590927
2591,9219,0.589224332727869
2592,8524,0.762941323553677
2593,7639,0.5434325619699129
2594,6953,0.6215898071718515
2595,6740,0.694400219586268
2596,9257,0.7494590701859905
2597,4977,0.7433014011625002
2598,7183,0.4033568054604615
2599,5460,0.6388517863920457
2600,7094,0.8058752985819281
2601,132,0.3204440958452164
2602,7304,0.7504463004888968
2603,2263,0.6088019480155831
2604,8744,0.6322936815599232
2605,9350,0.7039902413642654
2606,7181,0.6052089815491053
2607,3406,0.737011497351842
2608,7554,0.8083110296234433
2609,10113,0.6380786033747354
2610,2103,0.04129795892889154
2611,3469,0.5869315982230908
2612,10429,0.6475157366294791
2613,1648,0.2491267500930986
2614,8562,0.4017564485958476
2615,3256,0.6580731851473935
2616,10701,0.6233456698382269
2617,5480,0.574038173635931
2618,3503,0.7692711373243818
2619,3933,0.6964636613509976
2620,2475,0.06346178941105352
2621,10647,0.6570843990336005
2622,4481,0.6033011472269052
2623,8632,0.6574437221681827
2624,10107,0.6282439508283442
2625,3599,0.6275876267441487
2626,3583,0.5441514268693154
2627,8981,0.5558138785213789
2628,9559,0.6662392000537263
2629,5051,0.6107305816324817
2630,4803,0.5683605207243314
2631,8177,0.6246995742291975
2632,4411,0.5287499307143055
2633,2276,0.001458355464309058
2634,3301,0.6311815071510005
2635,10770,0.4700235541953369
2636,2678,0.27456894190945913
2637,3220,0.5587258262641888
2638,7199,0.6563251962895778
2639,7892,0.6932778513186053
2640,5568,0.6839797383769038
2641,148,0.0016669964980431384
2642,7940,0.7817804043732626
2643,4446,0.7139564222914218
2644,5874,0.5754793166663158
2645,2763,0.20541808338748102
2646,7773,0.7218487384344094
2647,4272,0.7625667573014685
2648,2752,0.12118913785091956
2649,4555,0.5500576032352456
2650,2729,0.0008977358316798467
2651,2913,0.008994353894317353
2652,1387,0.0013873328462262746
2653,10333,0.5531421213435554
2654,8364,0.6065814243618708
2655,5028,0.32490122769039753
2656,2285,0.04624089773778939
2657,1060,0.0024334868188362613
2658,6772,0.5325043407260517
2659,9182,0.49744672743988283
2660,5016,0.34794411825917626
2661,2436,0.10606859512359101
2662,10467,0.5698130560024384
2663,306,0.0024751207927209418
2664,9916,0.6934265310264485
2665,4289,0.7094749741740605
2666,7738,0.49774998091022526
2667,3878,0.7493655460301615
2668,9914,0.49381914547349925
2669,10756,0.4629783165842831
2670,5219,0.6196866809918953
2671,10414,0.5463968241356512
2672,2332,0.22834364400649676
2673,10772,0.4691284011993392
2674,4397,0.569136540285885
2675,9082,0.5225009924797979
2676,5334,0.5625352419774285
2677,1429,0.3503807787257428
2678,2423,0.003573114371560271
2679,2177,0.0005726247075884539
2680,3051,0.0035230208823104903
2681,7134,0.6118317994752788
2682,3857,0.7717545771923641
2683,7096,0.6072040697834057
2684,2620,0.1524614251710681
2685,299,0.10760537309159623
2686,2927,0.0005760321827348314
2687,819,0.003793591960749243
2688,4420,0.4671080532620633
2689,4054,0.4017051572365604
2690,4962,0.5756812786952552
2691,10886,0.7386010316202911
2692,2262,0.06408399557494726
2693,569,0.20233856383062399
2694,2528,0.10293043016928205
2695,7207,0.5626876330861789
2696,9811,0.6662111177605843
2697,6484,0.6306214081887324
2698,7253,0.6185589554980848
2699,10286,0.6206305949292328
2700,4791,0.7720528657526058
2701,2067,0.00871614239781715
2702,4307,0.600691445447332
2703,9810,0.6821883649653246
2704,9021,0.6280191752381612
2705,7117,0.795465995258099
2706,7238,0.5645154341180149
2707,8162,0.68712288188552
2708,8302,0.5272778621810573
2709,280,0.021366220847002015
2710,4976,0.7319491507817948
2711,5782,0.6814866093650271
2712,6405,0.6992805126690107
2713,323,0.036462791821175844
2714,2831,0.11144916515579018
2715,5252,0.7028665829815259
2716,986,0.00400183323038672
2717,1647,0.0013261123330271518
2718,9011,0.5318768268649603
2719,5463,0.43253920131150614
2720,9628,0.4372721505688043
2721,2400,0.158774582330364
2722,8917,0.5322657901594348
2723,9007,0.610037048507938
2724,1618,0.04711755005092466
2725,2350,0.0017576390600362313
2726,8613,0.5505109658521095
2727,7629,0.7056128899121764
2728,5246,0.7458869878995666
2729,6806,0.6797236209372755
2730,559,0.0747268805512209
2731,9033,0.546381441536586
2732,7732,0.6108184959522331
2733,1608,0.005407799412013858
2734,8361,0.4774796854258988
2735,8631,0.6543694307067249
2736,2908,0.03251425495949467
2737,8989,0.7070455613681461
2738,2978,0.024907532558048118
2739,6250,0.7219900804869205
2740,6150,0.7389093270694074
2741,8983,0.681085811855129
2742,956,0.0012709065661028474
2743,211,0.06783497909568081
2744,9123,0.7259238107794657
2745,8656,0.7074875031180453
2746,6337,0.7029919251060152
2747,4695,0.7514126220094091
2748,5932,0.4721908964417051
2749,4502,0.7364970022578355
